[
    {
        "id":1,
        "name":"Pacific rim",
        "tel" : "090909090",
        "Permission":1
    },
    {
        "id":2,
        "name":"IronMan",
        "tel" : "823974892",
        "Permission":2
    },
    {
        "id":3,
        "name":"Shisedo",
        "tel" : "09783648",
        "Permission":3
    },
    {
        "id":4,
        "name":"Pacific rim",
        "tel" : "090909090",
        "Permission":1
    },
    {
        "id":5,
        "name":"Pacific rim",
        "tel" : "090909090",
        "Permission":1
    }
]