[
    {
        "id":1,
        "tieuDe":"'Điệp vụ Biển Đỏ' ngưng chiếu ở Việt Nam",
        "trichDan":"Nhà phát hành ở Việt Nam thông báo rút phim Hoa ngữ khỏi rạp sau mười ngày công chiếu.",
        "noiDung":"Đại diện nhà phát hành CGV giải thích lý do rút phim là bởi ế khách, có những rạp chỉ có một, hai khán giả. Operation Red Sea (Điệp vụ Biển Đỏ) của đạo diễn Lâm Siêu Hiền chiếu ở Việt Nam từ ngày 16/3, lấy cảm hứng từ sự kiện năm 2015, khi quân đội Trung Quốc giải cứu 600 dân nước này và 225 người nước ngoài khỏi một cảng ở Yemen - nơi đang có nội chiến. Phim khai thác và đề cao sức mạnh của quân đội nhân dân Trung Quốc, là hiện tượng phòng vé Hoa ngữ với 500 triệu USD.",
        "anh":"https://i-giaitri.vnecdn.net/2018/03/24/set-top-bien-do-rut-khoi-rap-2130-1521897182.jpg"

    },
    {
        "id":2,
        "tieuDe":"'Cuộc đời phong lưu, thích mua vui lầu xanh của Đường Bá Hổ  ",
        "trichDan":"Bên cạnh tài năng xuất chúng, Đường Bá Hổ (thi sĩ, họa sĩ đời Minh, Trung Quốc) còn thường được nhắc đến với cuộc sống phóng túng.",
        "noiDung":"Đường Dần, tự Bá Hổ (1470-1524), người Tô Châu, đời Minh. Ông là nhà thơ, nhà thư pháp, họa sĩ kiệt xuất thời cổ đại Trung Quốc. Qua đời gần 500 năm, Đường Bá Hổ vẫn là đề tài tranh cãi chưa bao giờ chấm dứt trong giới nghiên cứu lịch sử Trung Quốc cũng như khán giả. Những câu chuyện về ông thường được cải biên thành phim điện ảnh, truyền hình, không ít trong số đó được khen ngợi đặc sắc, có sức sống lâu bền.Giáo sư Tôn Đơn Lâm phân tích trong chương trình Bách Gia Giảng Đàn (Lecture Room) của đài CCTV cuộc đời của Đường Bá Hổ gắn liền hai chữ phong lưu.Bất luận đương thời hay hiện tại, người đời bàn luận về ông có cả tốt lẫn xấu, ông Tôn nói.iên cứu này cho rằng Đường Bá Hổ là nhân vật phong lưu, dựa vào những yếu tố: Nhà thơ này là nhân vật kiệt xuất trong thời đại ông, đạt thành tựu rực rỡ trong thi ca, hội họa và thư pháp. Mặt khác, ông tài hoa song không gò bó về lễ nghi, phép tắc mà nổi loạn, tiêu dao. Yếu tố còn lại là Đường Bá Hổ có những mối quan hệ nam nữ không đứng đắn, thường mua vui ở lầu xanh.",
        "anh":"https://i-ngoisao.vnecdn.net/2018/03/22/selena-gomez-1521705585_360x216.jpg"

    },
    {
        "id":3,
        "tieuDe":"'Khán giả TP HCM rủ nhau đi xem xiếc  ",
        "trichDan":"Nhà phát hành ở Việt Nam thông báo rút phim Hoa ngữ khỏi rạp sau mười ngày công chiếu.",
        "noiDung":"Đại diện nhà phát hành CGV giải thích lý do rút phim là bởi ế khách, có những rạp chỉ có một, hai khán giả. Operation Red Sea (Điệp vụ Biển Đỏ) của đạo diễn Lâm Siêu Hiền chiếu ở Việt Nam từ ngày 16/3, lấy cảm hứng từ sự kiện năm 2015, khi quân đội Trung Quốc giải cứu 600 dân nước này và 225 người nước ngoài khỏi một cảng ở Yemen - nơi đang có nội chiến. Phim khai thác và đề cao sức mạnh của quân đội nhân dân Trung Quốc, là hiện tượng phòng vé Hoa ngữ với 500 triệu USD.",
        "anh":"https://i-ngoisao.vnecdn.net/2018/03/24/top1-1521857467-9371-1521857687_500x300.jpg"

    },
    {
        "id":4,
        "tieuDe":"'Sách về đội tuyển U23 Việt Nam in thêm 10.000 cuốn  ",
        "trichDan":"Nhà phát hành ở Việt Nam thông báo rút phim Hoa ngữ khỏi rạp sau mười ngày công chiếu.",
        "noiDung":"Đại diện nhà phát hành CGV giải thích lý do rút phim là bởi ế khách, có những rạp chỉ có một, hai khán giả. Operation Red Sea (Điệp vụ Biển Đỏ) của đạo diễn Lâm Siêu Hiền chiếu ở Việt Nam từ ngày 16/3, lấy cảm hứng từ sự kiện năm 2015, khi quân đội Trung Quốc giải cứu 600 dân nước này và 225 người nước ngoài khỏi một cảng ở Yemen - nơi đang có nội chiến. Phim khai thác và đề cao sức mạnh của quân đội nhân dân Trung Quốc, là hiện tượng phòng vé Hoa ngữ với 500 triệu USD.",
        "anh":"https://i-ngoisao.vnecdn.net/2018/03/24/p4-1521868632-8921-1521868786_360x216.jpg"

    },
    {
        "id":5,
        "tieuDe":"'Những phút thư giãn tại hậu trường vất vả của 'Tình khúc Bạch Dương'",
        "trichDan":"Nhà phát hành ở Việt Nam thông báo rút phim Hoa ngữ khỏi rạp sau mười ngày công chiếu.",
        "noiDung":"Đại diện nhà phát hành CGV giải thích lý do rút phim là bởi ế khách, có những rạp chỉ có một, hai khán giả. Operation Red Sea (Điệp vụ Biển Đỏ) của đạo diễn Lâm Siêu Hiền chiếu ở Việt Nam từ ngày 16/3, lấy cảm hứng từ sự kiện năm 2015, khi quân đội Trung Quốc giải cứu 600 dân nước này và 225 người nước ngoài khỏi một cảng ở Yemen - nơi đang có nội chiến. Phim khai thác và đề cao sức mạnh của quân đội nhân dân Trung Quốc, là hiện tượng phòng vé Hoa ngữ với 500 triệu USD.",
        "anh":"https://i-ngoisao.vnecdn.net/2018/03/23/hn6-5354-1507572661-3355-1521804828_500x300.jpg"

    },
    {
        "id":6,
        "tieuDe":"'Triển lãm sách xưa, tranh quý ở TP HCM",
        "trichDan":"Nhà phát hành ở Việt Nam thông báo rút phim Hoa ngữ khỏi rạp sau mười ngày công chiếu.",
        "noiDung":"Đại diện nhà phát hành CGV giải thích lý do rút phim là bởi ế khách, có những rạp chỉ có một, hai khán giả. Operation Red Sea (Điệp vụ Biển Đỏ) của đạo diễn Lâm Siêu Hiền chiếu ở Việt Nam từ ngày 16/3, lấy cảm hứng từ sự kiện năm 2015, khi quân đội Trung Quốc giải cứu 600 dân nước này và 225 người nước ngoài khỏi một cảng ở Yemen - nơi đang có nội chiến. Phim khai thác và đề cao sức mạnh của quân đội nhân dân Trung Quốc, là hiện tượng phòng vé Hoa ngữ với 500 triệu USD.",
        "anh":"https://i-ngoisao.vnecdn.net/2018/03/22/katehudsonuggs18ms-7656-1521710419_360x216.jpg"

    }

]